author_id,in_reply_to_user_id,conversation_id
1255930032750542849,422152255,1479192441467158529
1383187944358473732,244108172,1479192441467158529
1406989106756964355,1230454012199264257,1479192441467158529
1320991468228648960,1442574363300020224,1479192441467158529
452294805,422152255,1479192441467158529
1230454012199264257,1406989106756964355,1479192441467158529
1230454012199264257,1476693353131651073,1479192441467158529
396864128,422152255,1479192441467158529
982535429068115968,244108172,1479192441467158529
1417128189810384900,1383610460595843081,1479192441467158529
1456726149451730960,422152255,1479192441467158529
2446637409,422152255,1479192441467158529
731471946,422152255,1479192441467158529
40363134,422152255,1479192441467158529
147710399,1858411734,1479192441467158529
767457121801822208,422152255,1479192441467158529
1356678468885487616,422152255,1479192441467158529
1427591372912185349,422152255,1479192441467158529
1280182657,422152255,1479192441467158529
83191979,422152255,1479192441467158529
83191979,1474225868549541889,1479192441467158529
2231472058,60995609,1479192441467158529
2231472058,1423623188513234953,1479192441467158529
2231472058,1469287338509484035,1479192441467158529
2231472058,1456254738584911879,1479192441467158529
1459635880440864770,422152255,1479192441467158529
284206010,422152255,1479192441467158529
821276431,1037870114,1479192441467158529
1142125553245442048,422152255,1479192441467158529
1142125553245442048,422152255,1479192441467158529
422152255,765654745705054208,1479192441467158529
422152255,1142125553245442048,1479192441467158529
1476124686983602176,422152255,1479192441467158529
556771177,1372630004270530561,1479192441467158529
556771177,532572724,1479192441467158529
1107324083031683072,422152255,1479192441467158529
1196429608545136641,422152255,1479192441467158529
1310565298920136705,1475914784445014019,1479192441467158529
1318934428425609217,343428085,1479192441467158529
60995609,422152255,1479192441467158529
923277073220866048,343428085,1479192441467158529
343428085,422152255,1479192441467158529
1472578156762701825,422152255,1479192441467158529
1164859021226065921,422152255,1479192441467158529
2375092764,422152255,1479192441467158529
827252208148312065,422152255,1479192441467158529
1467983972605083652,1406989106756964355,1479192441467158529
1466864026802139138,422152255,1479192441467158529
1166782559554064384,422152255,1479192441467158529
1413610363912916996,422152255,1479192441467158529
437607577,422152255,1479192441467158529
1037870114,821276431,1479192441467158529
1476693353131651073,2789870218,1479192441467158529
625871628,422152255,1479192441467158529
1406989106756964355,422152255,1479192441467158529
1455844530113101825,422152255,1479192441467158529
1062630451,422152255,1479192441467158529
1478633605073190913,422152255,1479192441467158529
1382258084567998469,422152255,1479192441467158529
428209713,1442574363300020224,1479192441467158529
1443865620739772438,1442574363300020224,1479192441467158529
747512387746598912,422152255,1479192441467158529
2789870218,422152255,1479192441467158529
1961565752,422152255,1479192441467158529
944633780,422152255,1479192441467158529
1396145776993124360,422152255,1479192441467158529
1474225868549541889,83191979,1479192441467158529
86938862,422152255,1479192441467158529
244108172,1198625334,1479192441467158529
1228722936510603264,422152255,1479192441467158529
1858411734,422152255,1479192441467158529
1439473039771635721,1442889222772322309,1479192441467158529
2669278394,1422169613333323778,1479192441467158529
1310565298920136705,1475914784445014019,1479192441467158529
1438553980305608704,1372630004270530561,1479192441467158529
715285891233751041,422152255,1479192441467158529
108584277,1442574363300020224,1479192441467158529
1266464860444987394,2583157025,1479192441467158529
1304071696018739206,422152255,1479192441467158529
821276431,1146328255844245509,1479192441467158529
1266464860444987394,422152255,1479192441467158529
1289961741628121088,422152255,1479192441467158529
1441082253832982536,1198625334,1479192441467158529
71329323,422152255,1479192441467158529
1142125553245442048,422152255,1479192441467158529
1319909177993678848,422152255,1479192441467158529
1225417628,422152255,1479192441467158529
1372630004270530561,532572724,1479192441467158529
2583157025,3092129056,1479192441467158529
463635153,422152255,1479192441467158529
1422169613333323778,150357753,1479192441467158529
3092129056,2583157025,1479192441467158529
532572724,422152255,1479192441467158529
1265052798,422152255,1479192441467158529
1172571984967942146,422152255,1479192441467158529
2583157025,1423623188513234953,1479192441467158529
3294888843,422152255,1479192441467158529
470349216,422152255,1479192441467158529
1465445622853558274,422152255,1479192441467158529
150357753,422152255,1479192441467158529
2583157025,1442574363300020224,1479192441467158529
1429916962428227585,1442889222772322309,1479192441467158529
993889955553402880,422152255,1479192441467158529
1423623188513234953,422152255,1479192441467158529
765654745705054208,422152255,1479192441467158529
1456254738584911879,85362011,1479192441467158529
1234449386,83191979,1479192441467158529
1359101255373774852,422152255,1479192441467158529
1426216108000960518,422152255,1479192441467158529
85362011,1456254738584911879,1479192441467158529
1442574363300020224,422152255,1479192441467158529
1414910228844384258,422152255,1479192441467158529
1456254738584911879,85362011,1479192441467158529
1310565298920136705,422152255,1479192441467158529
1310806937911660544,422152255,1479192441467158529
1435736186975313921,422152255,1479192441467158529
1150383929045766144,83191979,1479192441467158529
1143078402083237888,422152255,1479192441467158529
545981052,422152255,1479192441467158529
1135307505435848710,422152255,1479192441467158529
2969868167,1466503275927281666,1479192441467158529
1468933392326610954,422152255,1479192441467158529
1146328255844245509,422152255,1479192441467158529
1349757730152730625,422152255,1479192441467158529
83191979,422152255,1479192441467158529
1442889222772322309,422152255,1479192441467158529
85362011,1469287338509484035,1479192441467158529
488990940,422152255,1479192441467158529
742397759991480320,422152255,1479192441467158529
808426842,422152255,1479192441467158529
925668133888774144,422152255,1479192441467158529
1473617241149251589,422152255,1479192441467158529
1225923576,422152255,1479192441467158529
1017397864501334017,422152255,1479192441467158529
1466503275927281666,422152255,1479192441467158529
772938597137801216,422152255,1479192441467158529
1314322424456978433,422152255,1479192441467158529
1469287338509484035,422152255,1479192441467158529
1198625334,422152255,1479192441467158529
1419259452553826307,422152255,1479192441467158529
1234060322710982657,422152255,1479192441467158529
1334712547,1438224486185291922,1478668846181539843
1232250772882182150,1200818228777357312,1478668846181539843
297901699,445201884,1478668846181539843
1248611401163137024,1133849050296590336,1478668846181539843
1412071544369651717,445201884,1478668846181539843
1463679706918703113,445201884,1478668846181539843
883736059334537218,445201884,1478668846181539843
1361252497202028545,445201884,1478668846181539843
312044503,3206731761,1478668846181539843
2752871782,445201884,1478668846181539843
1344793377703931904,445201884,1478668846181539843
1459614332141064200,445201884,1478668846181539843
1450057011505373185,445201884,1478668846181539843
807596108738416641,445201884,1478668846181539843
1296006171862667264,2205827449,1478668846181539843
2205827449,1296006171862667264,1478668846181539843
1356763460995084288,445201884,1478668846181539843
2867547191,445201884,1478668846181539843
3045945338,445201884,1478668846181539843
128735469,445201884,1478668846181539843
749576616334991360,445201884,1478668846181539843
1426381611524886531,445201884,1478668846181539843
722177829295796230,445201884,1478668846181539843
1068702887184871432,445201884,1478668846181539843
482507306,445201884,1478668846181539843
1430570495347331077,881014213,1478668846181539843
1175813450641170433,445201884,1478668846181539843
881014213,445201884,1478668846181539843
1159743212,445201884,1478668846181539843
1962973284,445201884,1478668846181539843
821810033713364995,445201884,1478668846181539843
1249405307073089537,445201884,1478668846181539843
1283915827,785129133009494021,1478668846181539843
862674787,445201884,1478668846181539843
1040271787353890821,2314509402,1478668846181539843
1345517943803809797,445201884,1478668846181539843
76382611,445201884,1478668846181539843
1441071946901245958,445201884,1478668846181539843
3288794249,445201884,1478668846181539843
1238906730907607041,445201884,1478668846181539843
1310806937911660544,445201884,1478668846181539843
1227144498,445201884,1478668846181539843
2753421268,445201884,1478668846181539843
496796480,1166720599521157121,1478668846181539843
873233558680326144,445201884,1478668846181539843
2527948252,445201884,1478668846181539843
1426131766578929666,80639000,1478668846181539843
2314509402,445201884,1478668846181539843
1426131766578929666,372257840,1478668846181539843
1349656058650886145,445201884,1478668846181539843
1296006171862667264,2205827449,1478668846181539843
1424800402508328960,445201884,1478668846181539843
515778628,445201884,1478668846181539843
1237652031759962112,445201884,1478668846181539843
1314287049634131968,445201884,1478668846181539843
965593295752744960,445201884,1478668846181539843
1385397686,445201884,1478668846181539843
896110159,445201884,1478668846181539843
377430097,445201884,1478668846181539843
2782537521,445201884,1478668846181539843
951809357477380096,445201884,1478668846181539843
138159406,445201884,1478668846181539843
848444074499739648,445201884,1478668846181539843
1257030529075032067,445201884,1478668846181539843
3860196976,445201884,1478668846181539843
1196018762593525765,445201884,1478668846181539843
65922786,2341568119,1478668846181539843
770714476425408512,1430063748082020371,1478668846181539843
1430063748082020371,770714476425408512,1478668846181539843
80639000,445201884,1478668846181539843
3457705635,770714476425408512,1478668846181539843
1121493445,1121493445,1478668846181539843
1425093019649384455,445201884,1478668846181539843
96960470,1261809647738138624,1478668846181539843
1121493445,445201884,1478668846181539843
770714476425408512,445201884,1478668846181539843
770714476425408512,3457705635,1478668846181539843
445201884,770714476425408512,1478668846181539843
3457705635,770714476425408512,1478668846181539843
1312019324530495488,283613414,1478668846181539843
14112035,445201884,1478668846181539843
2984387777,445201884,1478668846181539843
1252157256679985152,445201884,1478668846181539843
2341568119,445201884,1478668846181539843
1425093019649384455,445201884,1478668846181539843
1458223940,445201884,1478668846181539843
513790402,445201884,1478668846181539843
1166720599521157121,445201884,1478668846181539843
2205827449,445201884,1478668846181539843
1200818228777357312,445201884,1478668846181539843
494090567,445201884,1478668846181539843
1427736874785951745,445201884,1478668846181539843
992410915898261505,445201884,1478668846181539843
1423614587153305600,445201884,1478668846181539843
3206731761,770714476425408512,1478668846181539843
728880999585730560,445201884,1478668846181539843
574624962,86938862,1478668846181539843
1703136445,445201884,1478668846181539843
1419899804176498688,1424671436627709956,1478668846181539843
350332540,517457983,1478668846181539843
3159374739,1443868124659466242,1478668846181539843
1261809647738138624,445201884,1478668846181539843
1443868124659466242,3159374739,1478668846181539843
517457983,445201884,1478668846181539843
735551930550849537,445201884,1478668846181539843
3159374739,1443868124659466242,1478668846181539843
283613414,445201884,1478668846181539843
2866749420,445201884,1478668846181539843
445201884,96960470,1478668846181539843
3159374739,1259211173641232386,1478668846181539843
1390321789625159685,445201884,1478668846181539843
1347233231180017666,445201884,1478668846181539843
96960470,445201884,1478668846181539843
86938862,445201884,1478668846181539843
1443868124659466242,1352629733947826176,1478668846181539843
1146136697182330882,445201884,1478668846181539843
1133849050296590336,445201884,1478668846181539843
1438224486185291922,445201884,1478668846181539843
1455293360051216385,445201884,1478668846181539843
445201884,150357753,1478668846181539843
1352629733947826176,1443868124659466242,1478668846181539843
2288557992,445201884,1478668846181539843
770714476425408512,445201884,1478668846181539843
1424671436627709956,445201884,1478668846181539843
1037624108,445201884,1478668846181539843
150357753,445201884,1478668846181539843
1259211173641232386,445201884,1478668846181539843
445201884,1037624108,1478668846181539843
1443868124659466242,445201884,1478668846181539843
1430063748082020371,445201884,1478668846181539843
1037624108,445201884,1478668846181539843
445201884,770714476425408512,1478668846181539843
3159374739,445201884,1478668846181539843
848444074499739648,445201884,1478668846181539843
372257840,445201884,1478668846181539843
2364202434,445201884,1478668846181539843
770714476425408512,445201884,1478668846181539843
1151785600326021120,445201884,1478668846181539843
1638334764,445201884,1478668846181539843
863439828133842944,1258381656030957568,1480641383958564864
1263974602595762176,475234937,1480641383958564864
1241292304004022272,475234937,1480641383958564864
726853842294456321,3705888741,1480641383958564864
3705888741,726853842294456321,1480641383958564864
3705888741,1258381656030957568,1480641383958564864
3705888741,1454959564563099656,1480641383958564864
1433103620413788164,475234937,1480641383958564864
1414989090546724872,2219770751,1480641383958564864
1240941938800496641,1240941938800496641,1480641383958564864
485893193,29657703,1480641383958564864
352471211,475234937,1480641383958564864
1056159086054686720,1056159086054686720,1480641383958564864
1056159086054686720,475234937,1480641383958564864
2219770751,1240941938800496641,1480641383958564864
2219770751,1240941938800496641,1480641383958564864
1318934428425609217,475234937,1480641383958564864
1240941938800496641,1240941938800496641,1480641383958564864
1240941938800496641,2219770751,1480641383958564864
29657703,475234937,1480641383958564864
2219770751,1240941938800496641,1480641383958564864
2326047985,475234937,1480641383958564864
1463098054500761600,475234937,1480641383958564864
1240941938800496641,2219770751,1480641383958564864
726853842294456321,1221128126341750785,1480641383958564864
1443172743281795077,475234937,1480641383958564864
787259337576243200,475234937,1480641383958564864
478889514,475234937,1480641383958564864
1328476232,1201582677083742211,1480641383958564864
1454959564563099656,475234937,1480641383958564864
830960134515990529,863439828133842944,1480641383958564864
1221128126341750785,726853842294456321,1480641383958564864
726853842294456321,1258381656030957568,1480641383958564864
1258381656030957568,863439828133842944,1480641383958564864
2985920951,475234937,1480641383958564864
863439828133842944,475234937,1480641383958564864
475234937,863439828133842944,1480641383958564864
863439828133842944,475234937,1480641383958564864
2219770751,475234937,1480641383958564864
2219770751,1240941938800496641,1480641383958564864
1433311699323523072,475234937,1480641383958564864
1428686465421168643,475234937,1480641383958564864
960231533436121094,475234937,1480641383958564864
1901538372,475234937,1480641383958564864
907668247234965511,475234937,1480641383958564864
475234937,1390653288136290307,1480641383958564864
475234937,4001422457,1480641383958564864
907668247234965511,475234937,1480641383958564864
1390653288136290307,1045308465235849222,1480641383958564864
1045308465235849222,475234937,1480641383958564864
548276767,475234937,1480641383958564864
1435036992056737810,475234937,1480641383958564864
4001422457,475234937,1480641383958564864
1306311923743547398,475234937,1480641383958564864
2530856924,475234937,1480641383958564864
1240941938800496641,1240941938800496641,1480641383958564864
1240941938800496641,475234937,1480641383958564864
475234937,1306311923743547398,1480641383958564864
1306311923743547398,475234937,1480641383958564864
833153040702115841,475234937,1480641383958564864
475234937,1201582677083742211,1480641383958564864
54600782,475234937,1480641383958564864
1201582677083742211,475234937,1480641383958564864
475234937,57358236,1480641383958564864
57358236,475234937,1480641383958564864
1248575647255072768,475234937,1480641383958564864
1256208364972978176,475234937,1478823836317634560
1435577123247476742,475234937,1478823836317634560
1477420651640205313,475234937,1478823836317634560
428209713,475234937,1478823836317634560
906331746,475234937,1478823836317634560
1459635880440864770,475234937,1478823836317634560
1182772731953270784,475234937,1478823836317634560
1006844657194688512,475234937,1478823836317634560
873233558680326144,475234937,1478823836317634560
1022139624796418053,475234937,1478823836317634560
2876249524,475234937,1478823836317634560
200610844,1458756156516708352,1478823836317634560
1433415555093049346,475234937,1478823836317634560
1117388015909908480,475234937,1478823836317634560
1117388015909908480,475234937,1478823836317634560
1117388015909908480,475234937,1478823836317634560
737383865174622210,475234937,1478823836317634560
1458756156516708352,200610844,1478823836317634560
200610844,1458756156516708352,1478823836317634560
1479171111938138114,475234937,1478823836317634560
1458756156516708352,200610844,1478823836317634560
1430415513037979651,475234937,1478823836317634560
4795066242,475234937,1478823836317634560
1378701952163405824,475234937,1478823836317634560
1456971396886798342,475234937,1478823836317634560
2985920951,475234937,1478823836317634560
722090275431124993,475234937,1478823836317634560
200610844,1458756156516708352,1478823836317634560
200610844,461937617,1478823836317634560
1423349124435431425,1458064736470319108,1478823836317634560
411480461,3147901233,1478823836317634560
1423349124435431425,1454558160329580548,1478823836317634560
1423349124435431425,898297518,1478823836317634560
1438213852567646216,475234937,1478823836317634560
1423349124435431425,2614877603,1478823836317634560
498611410,1428661827395899396,1478823836317634560
184831585,475234937,1478823836317634560
1419259452553826307,475234937,1478823836317634560
3147901233,200610844,1478823836317634560
1431549373175975936,475234937,1478823836317634560
1458756156516708352,200610844,1478823836317634560
191130596,475234937,1478823836317634560
1401072119568650240,475234937,1478823836317634560
1378701952163405824,475234937,1478823836317634560
1429563488263868418,475234937,1478823836317634560
488382726,475234937,1478823836317634560
461937617,200610844,1478823836317634560
1473542770329591810,475234937,1478823836317634560
1326415548582866947,475234937,1478823836317634560
428471908,475234937,1478823836317634560
1467841066556702729,475234937,1478823836317634560
1310806937911660544,475234937,1478823836317634560
1468933392326610954,475234937,1478823836317634560
400214378,475234937,1478823836317634560
1467645095491026946,475234937,1478823836317634560
900849195283861504,1267832723512721410,1478823836317634560
1396364775295234049,1268881206621409283,1478823836317634560
1396364775295234049,475234937,1478823836317634560
2315799042,475234937,1478823836317634560
200610844,3323385291,1478823836317634560
200610844,3147901233,1478823836317634560
200610844,1458756156516708352,1478823836317634560
3147901233,475234937,1478823836317634560
959192415428120576,475234937,1478823836317634560
3882354933,475234937,1478823836317634560
1372630004270530561,475234937,1478823836317634560
390283209,1038450889638518789,1478823836317634560
1471781627185537032,475234937,1478823836317634560
475234937,1454558160329580548,1478823836317634560
1454558160329580548,475234937,1478823836317634560
1093452128,475234937,1478823836317634560
3075400845,475234937,1478823836317634560
407850679,53919133,1478823836317634560
1414910228844384258,475234937,1478823836317634560
1458064736470319108,475234937,1478823836317634560
1267832723512721410,475234937,1478823836317634560
728880999585730560,475234937,1478823836317634560
1297580283378700288,475234937,1478823836317634560
1444244558796267523,475234937,1478823836317634560
1448583057569718272,1449109293136072705,1478823836317634560
433553500,1038450889638518789,1478823836317634560
1958175968,475234937,1478823836317634560
1475888451237072897,475234937,1478823836317634560
383955971,475234937,1478823836317634560
1241292304004022272,475234937,1478823836317634560
1149939188210573312,475234937,1478823836317634560
2595960279,475234937,1478823836317634560
775997410283753472,1536148147,1478823836317634560
461839912,1536148147,1478823836317634560
203891785,475234937,1478823836317634560
804723559650172929,475234937,1478823836317634560
1125830085909544972,475234937,1478823836317634560
1068709261314846721,475234937,1478823836317634560
898297518,475234937,1478823836317634560
789719286986276864,1156830576592203776,1478823836317634560
2732751986,475234937,1478823836317634560
2732751986,475234937,1478823836317634560
17546069,2811584671,1478823836317634560
1156830576592203776,475234937,1478823836317634560
2332202462,1536148147,1478823836317634560
2811584671,475234937,1478823836317634560
1330886960525815816,1536148147,1478823836317634560
1478643576615624710,1536148147,1478823836317634560
475234937,1536148147,1478823836317634560
1536148147,475234937,1478823836317634560
353538686,475234937,1478823836317634560
18535360,475234937,1478823836317634560
1458756156516708352,475234937,1478823836317634560
950822483770462208,475234937,1478823836317634560
1215758015372177409,1414875191814107143,1478823836317634560
475234937,1458756156516708352,1478823836317634560
1458756156516708352,475234937,1478823836317634560
1419574524367056904,475234937,1478823836317634560
1330886960525815816,475234937,1478823836317634560
53919133,1038450889638518789,1478823836317634560
1109420217850044416,475234937,1478823836317634560
1465433247542829072,475234937,1478823836317634560
1397288812460584965,475234937,1478823836317634560
1458395058,475234937,1478823836317634560
406360666,475234937,1478823836317634560
1175813450641170433,475234937,1478823836317634560
162275518,475234937,1478823836317634560
617893538,475234937,1478823836317634560
1409247942842720264,475234937,1478823836317634560
1449109293136072705,475234937,1478823836317634560
1417438566511222805,475234937,1478823836317634560
429967445,475234937,1478823836317634560
1074624854,475234937,1478823836317634560
516527761,475234937,1478823836317634560
1038450889638518789,475234937,1478823836317634560
2353382138,475234937,1478823836317634560
1425946300449701894,475234937,1478823836317634560
99369286,475234937,1478823836317634560
3000514888,276032034,1478823836317634560
1459981645143019524,475234937,1478823836317634560
24200639,475234937,1478823836317634560
1414875191814107143,475234937,1478823836317634560
1473057664737460225,475234937,1478823836317634560
76382611,475234937,1478823836317634560
1428661827395899396,447370939,1478823836317634560
475234937,447370939,1478823836317634560
447370939,475234937,1478823836317634560
1359628444569645058,475234937,1478823836317634560
3418726954,1265052798,1478823836317634560
103614731,475234937,1478823836317634560
1447202634050461705,475234937,1478823836317634560
1241332888018321410,475234937,1478823836317634560
276032034,475234937,1478823836317634560
1450632745458225152,475234937,1478823836317634560
1265052798,475234937,1478823836317634560
1426490692474392587,475234937,1478823836317634560
1268881206621409283,475234937,1478823836317634560
1456556520,475234937,1478823836317634560
1438064323302199299,1438064323302199299,1478823836317634560
1428661827395899396,475234937,1478823836317634560
1438064323302199299,475234937,1478823836317634560
475234937,2171267092,1478823836317634560
462273571,475234937,1478823836317634560
475234937,3323385291,1478823836317634560
2171267092,475234937,1478823836317634560
3323385291,475234937,1478823836317634560
2614877603,475234937,1478823836317634560
425597292,1349813865417236481,1479896856968802307
425597292,1052206909770686469,1479896856968802307
425597292,51759517,1479896856968802307
1390564100124692481,51759517,1479896856968802307
1197599685369831424,51759517,1479896856968802307
1447329364643811338,51759517,1479896856968802307
1244273982796414976,51759517,1479896856968802307
1343679312726257670,51759517,1479896856968802307
238764382,51759517,1479896856968802307
425260478,51759517,1479896856968802307
834434843966582784,1268276991725391876,1479896856968802307
834434843966582784,1389253472571297793,1479896856968802307
287566348,51759517,1479896856968802307
1061995816708124673,51759517,1479896856968802307
51099545,51759517,1479896856968802307
463564606,11170692,1479896856968802307
2789870218,51759517,1479896856968802307
1479032567324192771,51759517,1479896856968802307
1295807187302993928,51759517,1479896856968802307
191130596,51759517,1479896856968802307
401631748,51759517,1479896856968802307
1052206909770686469,51759517,1479896856968802307
168757286,51759517,1479896856968802307
1248522531054772224,51759517,1479896856968802307
1034745372923584513,51759517,1479896856968802307
516502546,51759517,1479896856968802307
519778797,51759517,1479896856968802307
827252208148312065,1349813865417236481,1479896856968802307
3000908489,1419356737904259077,1479896856968802307
3086865365,51759517,1479896856968802307
577289716,51759517,1479896856968802307
1479093038462943233,51759517,1479896856968802307
969926737361604608,1214181762240147456,1479896856968802307
969926737361604608,1144583120911589378,1479896856968802307
969926737361604608,51759517,1479896856968802307
1470034219418202118,1476141152315351044,1479896856968802307
1470034219418202118,1349813865417236481,1479896856968802307
1470034219418202118,1349813865417236481,1479896856968802307
1470034219418202118,51759517,1479896856968802307
1467645095491026946,51759517,1479896856968802307
1430624640330780675,51759517,1479896856968802307
334184525,51759517,1479896856968802307
168732280,51759517,1479896856968802307
1474469867143237636,51759517,1479896856968802307
1342115207196397568,876541483,1479896856968802307
130861875,51759517,1479896856968802307
1144583120911589378,51759517,1479896856968802307
1479197300698361859,1006057344042766336,1479896856968802307
1006057344042766336,1479197300698361859,1479896856968802307
377027360,11170692,1479896856968802307
1479197300698361859,51759517,1479896856968802307
1269983951780798464,51759517,1479896856968802307
509599014,51759517,1479896856968802307
1238611928228007936,51759517,1479896856968802307
402121297,51759517,1479896856968802307
1250355750,51759517,1479896856968802307
1176749662155530240,1474871220092944386,1479896856968802307
981843302432608257,1035247448866934787,1479896856968802307
2958702779,51759517,1479896856968802307
1474871220092944386,876541483,1479896856968802307
1428439282323177472,51759517,1479896856968802307
489693440,51759517,1479896856968802307
1035247448866934787,876541483,1479896856968802307
1035247448866934787,1419356737904259077,1479896856968802307
1247903470692126721,1157682063870443521,1479896856968802307
260230310,51759517,1479896856968802307
1144913517365145600,51759517,1479896856968802307
1446853597266948103,51759517,1479896856968802307
745689360901738496,51759517,1479896856968802307
589418956,51759517,1479896856968802307
514511122,876541483,1479896856968802307
1002100030931656704,51759517,1479896856968802307
155980422,51759517,1479896856968802307
1479473866846134273,11170692,1479896856968802307
147710399,1176749662155530240,1479896856968802307
548766941,51759517,1479896856968802307
1304851963880894465,51759517,1479896856968802307
1198015322839830528,51759517,1479896856968802307
834377218965004289,51759517,1479896856968802307
1419356737904259077,1176749662155530240,1479896856968802307
1175659286787174401,11170692,1479896856968802307
1176749662155530240,1419356737904259077,1479896856968802307
1160335674224128000,51759517,1479896856968802307
722641382,11170692,1479896856968802307
1419356737904259077,876541483,1479896856968802307
1353290654084980736,51759517,1479896856968802307
146077247,876541483,1479896856968802307
928345597182177286,51759517,1479896856968802307
2333722331,51759517,1479896856968802307
1259051111287345157,876541483,1479896856968802307
145235127,51759517,1479896856968802307
1303284209918902273,876541483,1479896856968802307
1259051111287345157,51759517,1479896856968802307
2472634306,876541483,1479896856968802307
1264967335,51759517,1479896856968802307
2292111598,876541483,1479896856968802307
1235252502733484035,51759517,1479896856968802307
490436670,51759517,1479896856968802307
1469601832628543490,876541483,1479896856968802307
625871628,876541483,1479896856968802307
3327374733,51759517,1479896856968802307
1070582773,51759517,1479896856968802307
876541483,51759517,1479896856968802307
1251967746327351298,51759517,1479896856968802307
69968672,394837520,1479896856968802307
2882345495,1349813865417236481,1479896856968802307
2882345495,51759517,1479896856968802307
3069933261,51759517,1479896856968802307
394837520,51759517,1479896856968802307
287637599,51759517,1479896856968802307
1426149824,11170692,1479896856968802307
1303284209918902273,11170692,1479896856968802307
1214181762240147456,51759517,1479896856968802307
868842670524911617,51759517,1479896856968802307
485551571,51759517,1479896856968802307
848005772,51759517,1479896856968802307
1349813865417236481,51759517,1479896856968802307
954285801847783425,51759517,1479896856968802307
1157682063870443521,51759517,1479896856968802307
1424378695674957825,51759517,1479896856968802307
475150043,51759517,1479896856968802307
1438140403182669829,51759517,1479896856968802307
1476141152315351044,51759517,1479896856968802307
361403479,11170692,1479896856968802307
1349813865417236481,51759517,1479896856968802307
1349813865417236481,51759517,1479896856968802307
1283085787043631109,11170692,1479896856968802307
1309153545128677376,51759517,1479896856968802307
1475035229882667010,51759517,1479896856968802307
912009916105334784,51759517,1479896856968802307
1361708719751454720,11170692,1479896856968802307
1268276991725391876,51759517,1479896856968802307
1439990874612580362,51759517,1479896856968802307
1289995760507985920,51759517,1479896856968802307
175315567,11170692,1479896856968802307
11170692,51759517,1479896856968802307
1410514975286829056,51759517,1479896856968802307
1361116359988494339,51759517,1479896856968802307
420931672,51759517,1479896856968802307
3353679387,122014351,1478774078135844866
1423004327187259396,122014351,1478774078135844866
609509895,122014351,1478774078135844866
1377910896807280646,122014351,1478774078135844866
1377910896807280646,122014351,1478774078135844866
959849144478306305,122014351,1478774078135844866
1320830858748665862,122014351,1478774078135844866
25856607,122014351,1478774078135844866
415666601,122014351,1478774078135844866
1002100030931656704,122014351,1478774078135844866
987737436926173184,122014351,1478774078135844866
955485781489053696,122014351,1478774078135844866
854829733355409408,122014351,1478774078135844866
1464891523275837440,122014351,1478774078135844866
757150618188386304,122014351,1478774078135844866
1313354509968642048,122014351,1478774078135844866
1478643576615624710,122014351,1478774078135844866
592180278,122014351,1478774078135844866
1001152281696456709,122014351,1478774078135844866
1398605094187376641,122014351,1478774078135844866
1470034219418202118,590666308,1478774078135844866
1029279415900020738,590666308,1478774078135844866
1029279415900020738,467573735,1478774078135844866
1218634561908768768,122014351,1478774078135844866
961890049842401280,122014351,1478774078135844866
1427740723647074314,122014351,1478774078135844866
2511094693,122014351,1478774078135844866
2162318793,122014351,1478774078135844866
2162318793,122014351,1478774078135844866
2496237324,122014351,1478774078135844866
1006197459746541569,122014351,1478774078135844866
2183578174,122014351,1478774078135844866
1042882549,122014351,1478774078135844866
61703985,1467531858384723978,1478774078135844866
1467531858384723978,61703985,1478774078135844866
61703985,122014351,1478774078135844866
61703985,1467531858384723978,1478774078135844866
485601724,122014351,1478774078135844866
1467531858384723978,1207268171675324416,1478774078135844866
1467531858384723978,122014351,1478774078135844866
545284832,122014351,1478774078135844866
517385690,122014351,1478774078135844866
1165308314852442112,269764491,1478774078135844866
1165308314852442112,122014351,1478774078135844866
2373486482,122014351,1478774078135844866
1460687863138459648,122014351,1478774078135844866
541178236,122014351,1478774078135844866
1446079913451216896,269764491,1478774078135844866
1446079913451216896,122014351,1478774078135844866
2888428775,122014351,1478774078135844866
2736117773,122014351,1478774078135844866
1339241962784903172,122014351,1478774078135844866
269764491,827252208148312065,1478774078135844866
2341083257,122014351,1478774078135844866
303219287,122014351,1478774078135844866
1472194751017463812,122014351,1478774078135844866
1416326296934694917,122014351,1478774078135844866
1377003347765526529,122014351,1478774078135844866
1457690873811152898,122014351,1478774078135844866
1285866977693700096,122014351,1478774078135844866
1321560477042921477,1431343585048285185,1478774078135844866
80891401,122014351,1478774078135844866
590666308,122014351,1478774078135844866
2787508709,122014351,1478774078135844866
1322543941,122014351,1478774078135844866
1437693484199186435,122014351,1478774078135844866
1370387662956298242,122014351,1478774078135844866
879812316291903489,122014351,1478774078135844866
587281863,122014351,1478774078135844866
827252208148312065,269764491,1478774078135844866
1469796097648381952,122014351,1478774078135844866
269764491,827252208148312065,1478774078135844866
1398742674031747075,122014351,1478774078135844866
907509093694414850,72622403,1478774078135844866
827252208148312065,827252208148312065,1478774078135844866
907509093694414850,324987074,1478774078135844866
827252208148312065,269764491,1478774078135844866
907509093694414850,122014351,1478774078135844866
269764491,827252208148312065,1478774078135844866
827252208148312065,122014351,1478774078135844866
1407579990854602754,122014351,1478774078135844866
1240924268,122014351,1478774078135844866
1402545284702519308,122014351,1478774078135844866
293609751,122014351,1478774078135844866
2173072229,122014351,1478774078135844866
1440993263759073280,122014351,1478774078135844866
1259636106,122014351,1478774078135844866
44882802,122014351,1478774078135844866
1402917292300804099,122014351,1478774078135844866
1112355433,122014351,1478774078135844866
1172920062547845121,122014351,1478774078135844866
1234449386,122014351,1478774078135844866
396864128,122014351,1478774078135844866
1266735688596230145,1412791389272805381,1478774078135844866
1266735688596230145,122014351,1478774078135844866
273379601,122014351,1478774078135844866
3204238629,122014351,1478774078135844866
1087951886781726720,122014351,1478774078135844866
1428284683809402880,1167893859914960896,1478774078135844866
11952552,122014351,1478774078135844866
1428284683809402880,1248609816576065539,1478774078135844866
386946331,122014351,1478774078135844866
108629683,122014351,1478774078135844866
1318971641884442626,122014351,1478774078135844866
3120704082,122014351,1478774078135844866
2925202559,122014351,1478774078135844866
1448557756940754947,122014351,1478774078135844866
1379052608317501448,122014351,1478774078135844866
256506903,122014351,1478774078135844866
1295089147456172032,122014351,1478774078135844866
1477575955178741761,122014351,1478774078135844866
1471110444932812801,122014351,1478774078135844866
709115240,122014351,1478774078135844866
137120635,2175434521,1478774078135844866
137120635,122014351,1478774078135844866
1006555441944461313,122014351,1478774078135844866
220376205,122014351,1478774078135844866
1356632972338814976,122014351,1478774078135844866
993093173261094913,122014351,1478774078135844866
1356632972338814976,1207268171675324416,1478774078135844866
4041467446,122014351,1478774078135844866
1412396750015537156,122014351,1478774078135844866
1412396750015537156,122014351,1478774078135844866
831782232905936900,122014351,1478774078135844866
268307040,122014351,1478774078135844866
1469031590189842436,122014351,1478774078135844866
336764210,122014351,1478774078135844866
1469031590189842436,122014351,1478774078135844866
442083142,122014351,1478774078135844866
872189046323281920,122014351,1478774078135844866
1434609253558403072,122014351,1478774078135844866
1254507675708207105,433407668,1478774078135844866
1430788326727065603,122014351,1478774078135844866
1002868080,122014351,1478774078135844866
2695840273,122014351,1478774078135844866
433407668,122014351,1478774078135844866
546828454,122014351,1478774078135844866
1107682394,122014351,1478774078135844866
1390653288136290307,122014351,1478774078135844866
1448042555871055876,122014351,1478774078135844866
1441349041611153412,122014351,1478774078135844866
1090171195,122014351,1478774078135844866
1415986489935212545,122014351,1478774078135844866
1459614332141064200,122014351,1478774078135844866
4259706735,122014351,1478774078135844866
1419288341279920134,122014351,1478774078135844866
453490577,122014351,1478774078135844866
989423077,122014351,1478774078135844866
1135020228,122014351,1478774078135844866
421211699,122014351,1478774078135844866
1309454894831742976,122014351,1478774078135844866
1011364610987962370,122014351,1478774078135844866
1238391114018717701,122014351,1478774078135844866
949357353819885569,122014351,1478774078135844866
1657368739,122014351,1478774078135844866
3077606153,122014351,1478774078135844866
1645079610,122014351,1478774078135844866
1002228934266769410,122014351,1478774078135844866
1297154614467399680,122014351,1478774078135844866
1435252991746101252,122014351,1478774078135844866
620218947,122014351,1478774078135844866
1014541837514825729,122014351,1478774078135844866
882494299132309504,122014351,1478774078135844866
1423961840044883969,1312123014255906817,1478774078135844866
471867441,122014351,1478774078135844866
1429938235082424324,122014351,1478774078135844866
1312123014255906817,1423961840044883969,1478774078135844866
1423961840044883969,1312123014255906817,1478774078135844866
3047940471,122014351,1478774078135844866
2876249524,122014351,1478774078135844866
2157047308,122014351,1478774078135844866
1312123014255906817,1423961840044883969,1478774078135844866
843972321157267457,122014351,1478774078135844866
1241472625785942021,122014351,1478774078135844866
1302901125541171200,122014351,1478774078135844866
1444877996322611200,122014351,1478774078135844866
1364582506360680449,122014351,1478774078135844866
726702386,122014351,1478774078135844866
3088758634,122014351,1478774078135844866
876428533073141760,122014351,1478774078135844866
1450336590740561921,122014351,1478774078135844866
2715714723,122014351,1478774078135844866
434390053,122014351,1478774078135844866
1238838550482821120,122014351,1478774078135844866
1432603786212777987,122014351,1478774078135844866
232192642,122014351,1478774078135844866
1445090649825583105,122014351,1478774078135844866
1401425662401974279,122014351,1478774078135844866
1476834200720453633,122014351,1478774078135844866
2256287230,122014351,1478774078135844866
1455205351842852878,122014351,1478774078135844866
66848844,122014351,1478774078135844866
402703396,122014351,1478774078135844866
4827928732,122014351,1478774078135844866
350332540,122014351,1478774078135844866
1438224486185291922,122014351,1478774078135844866
1702836590,122014351,1478774078135844866
707926996077117440,122014351,1478774078135844866
1433473989272379396,122014351,1478774078135844866
1427736874785951745,122014351,1478774078135844866
2713007671,122014351,1478774078135844866
447874305,122014351,1478774078135844866
1423961840044883969,122014351,1478774078135844866
4850404991,122014351,1478774078135844866
1275154423,122014351,1478774078135844866
1479172759477526533,122014351,1478774078135844866
1369726940379234310,122014351,1478774078135844866
1457919893962215425,122014351,1478774078135844866
1325152363670360064,122014351,1478774078135844866
2400054079,122014351,1478774078135844866
1410360850179842048,122014351,1478774078135844866
580292564,122014351,1478774078135844866
1248720926142840833,122014351,1478774078135844866
1321387534648332288,122014351,1478774078135844866
1462424876074127368,122014351,1478774078135844866
755522686684696576,122014351,1478774078135844866
1008984925045952512,122014351,1478774078135844866
1367942561004978178,122014351,1478774078135844866
420675994,122014351,1478774078135844866
409142246,122014351,1478774078135844866
50989769,122014351,1478774078135844866
1448042555871055876,122014351,1478774078135844866
420931672,122014351,1478774078135844866
97200408,122014351,1478774078135844866
1293475220934754307,994148481773309957,1478774078135844866
994148481773309957,1412791389272805381,1478774078135844866
416165363,431084648,1478774078135844866
994148481773309957,122014351,1478774078135844866
1478643576615624710,122014351,1478774078135844866
1353114881256513537,122014351,1478774078135844866
1353114881256513537,122014351,1478774078135844866
854810856789561345,122014351,1478774078135844866
4684289622,122014351,1478774078135844866
431084648,416165363,1478774078135844866
877535285277597696,122014351,1478774078135844866
1446764670975631361,122014351,1478774078135844866
1446764670975631361,122014351,1478774078135844866
1446764670975631361,122014351,1478774078135844866
1620000878,122014351,1478774078135844866
1235570808086462464,122014351,1478774078135844866
56790234,122014351,1478774078135844866
196623895,122014351,1478774078135844866
1436667511513223171,122014351,1478774078135844866
1220449095594270729,122014351,1478774078135844866
91233153,122014351,1478774078135844866
1219944530,122014351,1478774078135844866
1449815868037386242,122014351,1478774078135844866
1449815868037386242,122014351,1478774078135844866
2175434521,122014351,1478774078135844866
195098551,122014351,1478774078135844866
1254820502272651264,122014351,1478774078135844866
1421711994021892097,122014351,1478774078135844866
1164430792568836096,122014351,1478774078135844866
1432771197700280322,122014351,1478774078135844866
1391849599602671617,1350057066740781058,1478774078135844866
891243456806477824,122014351,1478774078135844866
1225159825392308225,1350057066740781058,1478774078135844866
1350057066740781058,1391849599602671617,1478774078135844866
1391849599602671617,1350057066740781058,1478774078135844866
1350057066740781058,1225159825392308225,1478774078135844866
1225159825392308225,1350057066740781058,1478774078135844866
1350057066740781058,1225159825392308225,1478774078135844866
1477697869008281607,122014351,1478774078135844866
1177195180597874688,122014351,1478774078135844866
434394574,122014351,1478774078135844866
1225159825392308225,1350057066740781058,1478774078135844866
433604815,122014351,1478774078135844866
96960470,903432233066823680,1478774078135844866
25943042,122014351,1478774078135844866
856458158436429824,122014351,1478774078135844866
1175285507363868673,122014351,1478774078135844866
54199466,122014351,1478774078135844866
2612291988,122014351,1478774078135844866
3087139251,122014351,1478774078135844866
1473559880053235717,122014351,1478774078135844866
1018058756,1376461664,1478774078135844866
1018058756,1448690537494716429,1478774078135844866
1018058756,122014351,1478774078135844866
903432233066823680,1323328775086575616,1478774078135844866
380937758,122014351,1478774078135844866
522573316,122014351,1478774078135844866
1236343528747347970,122014351,1478774078135844866
1419924202979794956,122014351,1478774078135844866
471318357,122014351,1478774078135844866
480612566,122014351,1478774078135844866
194160798,122014351,1478774078135844866
2181930684,122014351,1478774078135844866
1435642578473455626,122014351,1478774078135844866
372220451,122014351,1478774078135844866
1438600206883377156,1207268171675324416,1478774078135844866
1327640642323968006,122014351,1478774078135844866
50237356,122014351,1478774078135844866
1323328775086575616,122014351,1478774078135844866
3329362990,122014351,1478774078135844866
1453311990089322499,122014351,1478774078135844866
3221600465,122014351,1478774078135844866
1435339575837306884,122014351,1478774078135844866
311932864,122014351,1478774078135844866
1180723434789244935,122014351,1478774078135844866
1610961902,122014351,1478774078135844866
188885347,122014351,1478774078135844866
1401979774868799488,122014351,1478774078135844866
1450599352041357315,122014351,1478774078135844866
1217793276671033344,122014351,1478774078135844866
1450599352041357315,1450599352041357315,1478774078135844866
185676785,122014351,1478774078135844866
1376086683188363264,122014351,1478774078135844866
1350057066740781058,1391849599602671617,1478774078135844866
1450599352041357315,122014351,1478774078135844866
1396780739367165953,122014351,1478774078135844866
1405815490904215554,122014351,1478774078135844866
72622403,2731701196,1478774078135844866
1442776966030049280,122014351,1478774078135844866
1301291611192786946,122014351,1478774078135844866
1376461664,122014351,1478774078135844866
72622403,122014351,1478774078135844866
1412791389272805381,70624474,1478774078135844866
2647848258,122014351,1478774078135844866
2638466972,122014351,1478774078135844866
1266622491365199872,122014351,1478774078135844866
1421928829946322952,122014351,1478774078135844866
957900472739880962,122014351,1478774078135844866
1130420497,122014351,1478774078135844866
1168167037501358080,122014351,1478774078135844866
38405320,122014351,1478774078135844866
981152586,122014351,1478774078135844866
1014566761822343168,122014351,1478774078135844866
1474700565745651720,122014351,1478774078135844866
1464282409843793930,122014351,1478774078135844866
980088846,122014351,1478774078135844866
150344992,122014351,1478774078135844866
1258451309587505153,122014351,1478774078135844866
1309160994996916226,122014351,1478774078135844866
11952552,122014351,1478774078135844866
3415367265,122014351,1478774078135844866
1405695553095221253,74995813,1478774078135844866
26722048,122014351,1478774078135844866
1283085787043631109,122014351,1478774078135844866
1520319049,122014351,1478774078135844866
2464828514,122014351,1478774078135844866
1259097121392930817,122014351,1478774078135844866
416165363,122014351,1478774078135844866
996754037604257794,122014351,1478774078135844866
825866849250398209,122014351,1478774078135844866
467573735,122014351,1478774078135844866
901891886113316865,122014351,1478774078135844866
467573735,122014351,1478774078135844866
1462682726130241537,122014351,1478774078135844866
975317561742110721,122014351,1478774078135844866
3110110863,122014351,1478774078135844866
242351511,142248515,1478774078135844866
600945411,122014351,1478774078135844866
2252346648,122014351,1478774078135844866
142248515,242351511,1478774078135844866
419061509,122014351,1478774078135844866
1296251124,122014351,1478774078135844866
445637466,122014351,1478774078135844866
873287036,122014351,1478774078135844866
1358803565230366722,122014351,1478774078135844866
62226238,122014351,1478774078135844866
121443333,122014351,1478774078135844866
2945440415,122014351,1478774078135844866
171034700,122014351,1478774078135844866
1297508304520974336,122014351,1478774078135844866
1474343101854535682,122014351,1478774078135844866
1278780488430301196,122014351,1478774078135844866
1396129968938229764,122014351,1478774078135844866
1289873619900915713,122014351,1478774078135844866
433236753,122014351,1478774078135844866
1247124961560539137,122014351,1478774078135844866
500748464,4077143055,1478774078135844866
1172129529822887938,122014351,1478774078135844866
4077143055,122014351,1478774078135844866
2238926851,122014351,1478774078135844866
1397083357159346176,122014351,1478774078135844866
1050364597558026240,122014351,1478774078135844866
1417457804,122014351,1478774078135844866
1214661062240428032,122014351,1478774078135844866
2374162922,122014351,1478774078135844866
2762529006,122014351,1478774078135844866
1174209985686974467,122014351,1478774078135844866
50706336,122014351,1478774078135844866
584529887,122014351,1478774078135844866
289620061,122014351,1478774078135844866
2352215730,122014351,1478774078135844866
584529887,122014351,1478774078135844866
3393812847,122014351,1478774078135844866
242351511,142248515,1478774078135844866
142248515,242351511,1478774078135844866
1139027815913988096,122014351,1478774078135844866
242351511,142248515,1478774078135844866
1258462101900800001,122014351,1478774078135844866
142248515,122014351,1478774078135844866
432566115,122014351,1478774078135844866
2250615505,122014351,1478774078135844866
1096312010,122014351,1478774078135844866
480504617,122014351,1478774078135844866
1271103189530611713,122014351,1478774078135844866
1239825909382873088,122014351,1478774078135844866
1196006918080417792,122014351,1478774078135844866
1436374555745034243,122014351,1478774078135844866
480504617,122014351,1478774078135844866
480504617,122014351,1478774078135844866
1346877833277288449,122014351,1478774078135844866
1456254738584911879,736239216825360384,1478774078135844866
420977208,122014351,1478774078135844866
1450854887508557839,122014351,1478774078135844866
1005856679055982594,122014351,1478774078135844866
1003190775948173312,122014351,1478774078135844866
3233547113,122014351,1478774078135844866
1429938235082424324,122014351,1478774078135844866
1322459514931683329,1207268171675324416,1478774078135844866
1402268056596975620,122014351,1478774078135844866
1088748639349100544,122014351,1478774078135844866
828306291756060674,2805323313,1478774078135844866
586012882,122014351,1478774078135844866
2805323313,828306291756060674,1478774078135844866
828306291756060674,122014351,1478774078135844866
1410304718954434569,122014351,1478774078135844866
1407579990854602754,122014351,1478774078135844866
1399816473892249723,122014351,1478774078135844866
1055407818357030915,122014351,1478774078135844866
1383486463195504648,122014351,1478774078135844866
1296006171862667264,122014351,1478774078135844866
1466084206719774723,1422298506052739083,1478774078135844866
1157682063870443521,122014351,1478774078135844866
74995813,122014351,1478774078135844866
2736117773,122014351,1478774078135844866
447329756,122014351,1478774078135844866
2248788641,122014351,1478774078135844866
449747222,122014351,1478774078135844866
1469631790654668801,122014351,1478774078135844866
1387394419305947136,122014351,1478774078135844866
449747222,122014351,1478774078135844866
1210915390928211976,122014351,1478774078135844866
80653353,122014351,1478774078135844866
851464507557900288,122014351,1478774078135844866
1451797203266195456,122014351,1478774078135844866
1143922956,122014351,1478774078135844866
923817160459374592,122014351,1478774078135844866
1397982227925975045,122014351,1478774078135844866
227097790,122014351,1478774078135844866
369117999,122014351,1478774078135844866
181538209,122014351,1478774078135844866
70624474,122014351,1478774078135844866
942137185,122014351,1478774078135844866
1422985755270553606,122014351,1478774078135844866
989232225974738948,122014351,1478774078135844866
1029428054324649984,122014351,1478774078135844866
1320028688562442242,122014351,1478774078135844866
798169665902145536,122014351,1478774078135844866
2876249524,122014351,1478774078135844866
840408042,1428322964462768129,1478774078135844866
1443706704,122014351,1478774078135844866
1428322964462768129,840408042,1478774078135844866
1223171479216558080,122014351,1478774078135844866
872371680,122014351,1478774078135844866
1184376299504226304,122014351,1478774078135844866
1252157256679985152,122014351,1478774078135844866
1330886960525815816,122014351,1478774078135844866
736239216825360384,1456254738584911879,1478774078135844866
1425819673732411401,122014351,1478774078135844866
437883452,122014351,1478774078135844866
1011991627517263872,122014351,1478774078135844866
1343937223947919360,122014351,1478774078135844866
373496626,122014351,1478774078135844866
1238576977658986496,122014351,1478774078135844866
1168126602301071362,122014351,1478774078135844866
1338592419642748928,122014351,1478774078135844866
800260353233854464,122014351,1478774078135844866
3301648318,122014351,1478774078135844866
968276088035127297,122014351,1478774078135844866
1158791818995228672,122014351,1478774078135844866
423417144,122014351,1478774078135844866
1476956408503488512,122014351,1478774078135844866
188885347,122014351,1478774078135844866
703299786720591872,122014351,1478774078135844866
1429055835553083393,122014351,1478774078135844866
1254737390083637249,122014351,1478774078135844866
381717202,122014351,1478774078135844866
1324680509977481219,122014351,1478774078135844866
970720216551485440,122014351,1478774078135844866
177339180,122014351,1478774078135844866
1456254738584911879,736239216825360384,1478774078135844866
1366086962164154371,122014351,1478774078135844866
1207268171675324416,122014351,1478774078135844866
617893538,122014351,1478774078135844866
3888134001,122014351,1478774078135844866
1420475901846999053,122014351,1478774078135844866
1299284029880119296,122014351,1478774078135844866
1263191166578831369,122014351,1478774078135844866
1174260689713713154,122014351,1478774078135844866
198624955,122014351,1478774078135844866
1250402487057682432,122014351,1478774078135844866
475150043,84193474,1478774078135844866
1722949560,51759517,1480553888210210818
625430453,51759517,1480553888210210818
506196477,51759517,1480553888210210818
1586600821,51759517,1480553888210210818
714432268761169921,51759517,1480553888210210818
993443536937865216,51759517,1480553888210210818
3110110863,51759517,1480553888210210818
1465433247542829072,51759517,1480553888210210818
1396364775295234049,51759517,1480553888210210818
1389321873582968838,51759517,1480553888210210818
1390733252093169671,51759517,1480553888210210818
1293849215521693696,51759517,1480553888210210818
1163946842490621952,51759517,1480553888210210818
196570905,51759517,1480553888210210818
541813228,51759517,1480553888210210818
1010121228886138880,51759517,1480553888210210818
1046996602966216704,51759517,1480553888210210818
423474251,51759517,1480553888210210818
1442090815887532032,735183717518299136,1480553888210210818
188517393,51759517,1480553888210210818
1322976507367665671,1442090815887532032,1480553888210210818
3318784863,51759517,1480553888210210818
735183717518299136,51759517,1480553888210210818
438601393,51759517,1480553888210210818
430544226,51759517,1480553888210210818
1443474041604648960,51759517,1480553888210210818
735183717518299136,1442090815887532032,1480553888210210818
541002879,51759517,1480553888210210818
1418899358649618432,51759517,1480553888210210818
791671886690353153,51759517,1480553888210210818
2945541934,1095412353427013633,1480553888210210818
988333988,1095412353427013633,1480553888210210818
995178816,1095412353427013633,1480553888210210818
1157622780541775872,51759517,1480553888210210818
1095412353427013633,51759517,1480553888210210818
487653402,51759517,1480553888210210818
1479473866846134273,51759517,1480553888210210818
1123858502118776834,51759517,1480553888210210818
1442090815887532032,51759517,1480553888210210818
3077606153,1150480869263646722,1480553888210210818
1247903470692126721,2297691966,1480553888210210818
1247903470692126721,2935781224,1480553888210210818
482774450,51759517,1480553888210210818
1079002628711952384,51759517,1480553888210210818
926202912002453506,51759517,1480553888210210818
438534120,51759517,1480553888210210818
1395883031047639041,51759517,1480553888210210818
1461697485139849221,51759517,1480553888210210818
1010121228886138880,51759517,1480553888210210818
1247903470692126721,2341104576,1480553888210210818
590813398,51759517,1480553888210210818
2331936378,51759517,1480553888210210818
1283085787043631109,51759517,1480553888210210818
471944276,51759517,1480553888210210818
908445731891146753,51759517,1480553888210210818
16683595,51759517,1480553888210210818
1102547787768573952,51759517,1480553888210210818
1433473989272379396,51759517,1480553888210210818
402703396,51759517,1480553888210210818
55796259,51759517,1480553888210210818
1463514092212154373,51759517,1480553888210210818
1463965541819895811,51759517,1480553888210210818
1190391127209320450,51759517,1480553888210210818
308997199,51759517,1480553888210210818
1447329364643811338,51759517,1480553888210210818
1447329364643811338,51759517,1480553888210210818
1249668351833640960,312496137,1480553888210210818
1361116359988494339,1410514975286829056,1480553888210210818
1442927061497176065,51759517,1480553888210210818
2935781224,51759517,1480553888210210818
2867547191,51759517,1480553888210210818
1133111378045284353,51759517,1480553888210210818
92260294,51759517,1480553888210210818
1410514975286829056,1361116359988494339,1480553888210210818
1402268688196280328,51759517,1480553888210210818
411039189,51759517,1480553888210210818
1448690537494716429,51759517,1480553888210210818
312496137,1249668351833640960,1480553888210210818
1150480869263646722,51759517,1480553888210210818
3025202927,51759517,1480553888210210818
1361116359988494339,1410514975286829056,1480553888210210818
1303284209918902273,51759517,1480553888210210818
312496137,51759517,1480553888210210818
72811305,51759517,1480553888210210818
914491177356972032,51759517,1480553888210210818
1410514975286829056,51759517,1480553888210210818
2297691966,51759517,1480553888210210818
336682786,51759517,1480553888210210818
829089536613478400,51759517,1480553888210210818
1361708719751454720,51759517,1480553888210210818
1433726347738820616,51759517,1480553888210210818
1296509725,51759517,1480553888210210818
420931672,51759517,1480553888210210818
1249668351833640960,51759517,1480553888210210818
4196122397,51759517,1480553888210210818
1475187517746036745,2608133516,1478676688561131521
1480658201817268225,2608133516,1478676688561131521
1480658201817268225,2608133516,1478676688561131521
1480658201817268225,2608133516,1478676688561131521
1480658201817268225,2608133516,1478676688561131521
1480658201817268225,2608133516,1478676688561131521
1368851266869297154,2608133516,1478676688561131521
1368851266869297154,2608133516,1478676688561131521
1368851266869297154,2608133516,1478676688561131521
1368851266869297154,2608133516,1478676688561131521
1368851266869297154,2608133516,1478676688561131521
1368851266869297154,2608133516,1478676688561131521
1368851266869297154,2608133516,1478676688561131521
1368851266869297154,2608133516,1478676688561131521
1368851266869297154,2608133516,1478676688561131521
1475537179568975876,2608133516,1478676688561131521
1475537179568975876,2608133516,1478676688561131521
1475537179568975876,2608133516,1478676688561131521
1475537179568975876,2608133516,1478676688561131521
1268078996446724098,2608133516,1478676688561131521
1268078996446724098,2608133516,1478676688561131521
1268078996446724098,2608133516,1478676688561131521
1268078996446724098,2608133516,1478676688561131521
1268078996446724098,2608133516,1478676688561131521
1479211269878161418,2608133516,1478676688561131521
1479211269878161418,2608133516,1478676688561131521
1479211269878161418,2608133516,1478676688561131521
1479211269878161418,2608133516,1478676688561131521
1479211269878161418,2608133516,1478676688561131521
1467790256023945221,2608133516,1478676688561131521
1467790256023945221,2608133516,1478676688561131521
1467790256023945221,2608133516,1478676688561131521
1467790256023945221,2608133516,1478676688561131521
1467790256023945221,2608133516,1478676688561131521
1467505923287568387,2608133516,1478676688561131521
1467505923287568387,2608133516,1478676688561131521
1467505923287568387,2608133516,1478676688561131521
1467505923287568387,2608133516,1478676688561131521
1467505923287568387,2608133516,1478676688561131521
1475121856013340678,2608133516,1478676688561131521
1475121856013340678,2608133516,1478676688561131521
1475121856013340678,2608133516,1478676688561131521
1475121856013340678,2608133516,1478676688561131521
1475121856013340678,2608133516,1478676688561131521
1475121856013340678,2608133516,1478676688561131521
1467489137834053634,2608133516,1478676688561131521
1467489137834053634,2608133516,1478676688561131521
1467489137834053634,2608133516,1478676688561131521
1467489137834053634,2608133516,1478676688561131521
1467489137834053634,2608133516,1478676688561131521
1467773180525879296,2608133516,1478676688561131521
1467773180525879296,2608133516,1478676688561131521
1467773180525879296,2608133516,1478676688561131521
1467773180525879296,2608133516,1478676688561131521
1467773180525879296,2608133516,1478676688561131521
1467257163395604486,2608133516,1478676688561131521
1467257163395604486,2608133516,1478676688561131521
1467257163395604486,2608133516,1478676688561131521
1467257163395604486,2608133516,1478676688561131521
1467257163395604486,2608133516,1478676688561131521
1476478845607891105,2608133516,1478676688561131521
1476478845607891105,2608133516,1478676688561131521
1476478845607891105,2608133516,1478676688561131521
1476478845607891105,2608133516,1478676688561131521
1476478845607891105,2608133516,1478676688561131521
1467240399580315650,2608133516,1478676688561131521
1442056739940040716,2608133516,1478676688561131521
1442056739940040716,2608133516,1478676688561131521
1442056739940040716,2608133516,1478676688561131521
1466161076513525768,2608133516,1478676688561131521
1339541611999621121,2608133516,1478676688561131521
1339541611999621121,2608133516,1478676688561131521
1339541611999621121,2608133516,1478676688561131521
1339541611999621121,2608133516,1478676688561131521
1339541611999621121,2608133516,1478676688561131521
1454573882820763651,2608133516,1478676688561131521
1454573882820763651,2608133516,1478676688561131521
1454573882820763651,2608133516,1478676688561131521
1454573882820763651,2608133516,1478676688561131521
1454573882820763651,2608133516,1478676688561131521
1477665595843878916,2608133516,1478676688561131521
1477665595843878916,2608133516,1478676688561131521
1477665595843878916,2608133516,1478676688561131521
1477665595843878916,2608133516,1478676688561131521
1477665595843878916,2608133516,1478676688561131521
1467553770552934409,2608133516,1478676688561131521
1467553770552934409,2608133516,1478676688561131521
1467553770552934409,2608133516,1478676688561131521
1467553770552934409,2608133516,1478676688561131521
1467553770552934409,2608133516,1478676688561131521
1468242155177136149,2608133516,1478676688561131521
1468242155177136149,2608133516,1478676688561131521
1468242155177136149,2608133516,1478676688561131521
1468242155177136149,2608133516,1478676688561131521
1468242155177136149,2608133516,1478676688561131521
1468242155177136149,2608133516,1478676688561131521
1468242155177136149,2608133516,1478676688561131521
1192461821573320704,2608133516,1478676688561131521
1192461821573320704,2608133516,1478676688561131521
1192461821573320704,2608133516,1478676688561131521
1192461821573320704,2608133516,1478676688561131521
1192461821573320704,2608133516,1478676688561131521
1467492953719558149,2608133516,1478676688561131521
1467495333240479747,2608133516,1478676688561131521
1467495333240479747,2608133516,1478676688561131521
1467495333240479747,2608133516,1478676688561131521
1467495333240479747,2608133516,1478676688561131521
1467495333240479747,2608133516,1478676688561131521
1472633583974195206,2608133516,1478676688561131521
1472633583974195206,2608133516,1478676688561131521
1472633583974195206,2608133516,1478676688561131521
1472633583974195206,2608133516,1478676688561131521
1472633583974195206,2608133516,1478676688561131521
1468600021172256769,2608133516,1478676688561131521
1468600021172256769,2608133516,1478676688561131521
1468600021172256769,2608133516,1478676688561131521
1467843395410399241,2608133516,1478676688561131521
1467843395410399241,2608133516,1478676688561131521
1467843395410399241,2608133516,1478676688561131521
1467843395410399241,2608133516,1478676688561131521
1467843395410399241,2608133516,1478676688561131521
1468600021172256769,2608133516,1478676688561131521
1468600021172256769,2608133516,1478676688561131521
1467524332733796360,2608133516,1478676688561131521
1467524332733796360,2608133516,1478676688561131521
1467524332733796360,2608133516,1478676688561131521
1467524332733796360,2608133516,1478676688561131521
1467524332733796360,2608133516,1478676688561131521
1476175377865351170,2608133516,1478676688561131521
1476175377865351170,2608133516,1478676688561131521
1476175377865351170,2608133516,1478676688561131521
1476175377865351170,2608133516,1478676688561131521
1476175377865351170,2608133516,1478676688561131521
1473222827218247681,2608133516,1478676688561131521
1467850162714337283,2608133516,1478676688561131521
1467850162714337283,2608133516,1478676688561131521
1467850162714337283,2608133516,1478676688561131521
1467850162714337283,2608133516,1478676688561131521
1467850162714337283,2608133516,1478676688561131521
1476697743070478336,2608133516,1478676688561131521
1476697743070478336,2608133516,1478676688561131521
1476697743070478336,2608133516,1478676688561131521
1473222827218247681,2608133516,1478676688561131521
1473222827218247681,2608133516,1478676688561131521
1473222827218247681,2608133516,1478676688561131521
1473222827218247681,2608133516,1478676688561131521
1473222827218247681,2608133516,1478676688561131521
1467286503911043077,2608133516,1478676688561131521
1467286503911043077,2608133516,1478676688561131521
1467286503911043077,2608133516,1478676688561131521
1467286503911043077,2608133516,1478676688561131521
1467286503911043077,2608133516,1478676688561131521
1473283675236278279,2608133516,1478676688561131521
1473283675236278279,2608133516,1478676688561131521
1473283675236278279,2608133516,1478676688561131521
1473283675236278279,2608133516,1478676688561131521
1473283675236278279,2608133516,1478676688561131521
1474869297126203398,2608133516,1478676688561131521
1474869297126203398,2608133516,1478676688561131521
1474869297126203398,2608133516,1478676688561131521
1474869297126203398,2608133516,1478676688561131521
1474869297126203398,2608133516,1478676688561131521
1472277289626968073,2608133516,1478676688561131521
1472277289626968073,2608133516,1478676688561131521
735940856017002496,2608133516,1478676688561131521
735940856017002496,2608133516,1478676688561131521
735940856017002496,2608133516,1478676688561131521
735940856017002496,2608133516,1478676688561131521
735940856017002496,2608133516,1478676688561131521
1472277289626968073,2608133516,1478676688561131521
1472277289626968073,2608133516,1478676688561131521
1472277289626968073,2608133516,1478676688561131521
1466403465786277895,2608133516,1478676688561131521
1466403465786277895,2608133516,1478676688561131521
1466403465786277895,2608133516,1478676688561131521
1466403465786277895,2608133516,1478676688561131521
1466403465786277895,2608133516,1478676688561131521
1448564737671843841,2608133516,1478676688561131521
1448564737671843841,2608133516,1478676688561131521
1448564737671843841,2608133516,1478676688561131521
1469074738240761864,2608133516,1478676688561131521
1469074738240761864,2608133516,1478676688561131521
1469074738240761864,2608133516,1478676688561131521
1469074738240761864,2608133516,1478676688561131521
1469074738240761864,2608133516,1478676688561131521
1468768181737164802,2608133516,1478676688561131521
1468768181737164802,2608133516,1478676688561131521
1468768181737164802,2608133516,1478676688561131521
1468768181737164802,2608133516,1478676688561131521
1468768181737164802,2608133516,1478676688561131521
1467630243464761344,2608133516,1478676688561131521
1467630243464761344,2608133516,1478676688561131521
1467566727785590787,2608133516,1478676688561131521
1467630243464761344,2608133516,1478676688561131521
1467630243464761344,2608133516,1478676688561131521
1467566727785590787,2608133516,1478676688561131521
1467630243464761344,2608133516,1478676688561131521
1467566727785590787,2608133516,1478676688561131521
1467566727785590787,2608133516,1478676688561131521
1467566727785590787,2608133516,1478676688561131521
1467604872640016394,2608133516,1478676688561131521
1467604872640016394,2608133516,1478676688561131521
1451567167120490511,2608133516,1478676688561131521
1467604872640016394,2608133516,1478676688561131521
1451567167120490511,2608133516,1478676688561131521
1451567167120490511,2608133516,1478676688561131521
1472995141589819405,2608133516,1478676688561131521
1472995141589819405,2608133516,1478676688561131521
1472995141589819405,2608133516,1478676688561131521
1472995141589819405,2608133516,1478676688561131521
1472995141589819405,2608133516,1478676688561131521
1472995141589819405,2608133516,1478676688561131521
1473212997317312520,2608133516,1478676688561131521
1473212997317312520,2608133516,1478676688561131521
1473212997317312520,2608133516,1478676688561131521
1473212997317312520,2608133516,1478676688561131521
1473212997317312520,2608133516,1478676688561131521
1467454258035494920,2608133516,1478676688561131521
1467454258035494920,2608133516,1478676688561131521
1467454258035494920,2608133516,1478676688561131521
1467454258035494920,2608133516,1478676688561131521
1467454258035494920,2608133516,1478676688561131521
1472675382671380482,2608133516,1478676688561131521
1472675382671380482,2608133516,1478676688561131521
1472644586359119879,2608133516,1478676688561131521
1472675382671380482,2608133516,1478676688561131521
1472644586359119879,2608133516,1478676688561131521
1472675382671380482,2608133516,1478676688561131521
1472644586359119879,2608133516,1478676688561131521
1472675382671380482,2608133516,1478676688561131521
1472644586359119879,2608133516,1478676688561131521
1472644586359119879,2608133516,1478676688561131521
1472644586359119879,2608133516,1478676688561131521
1472644586359119879,2608133516,1478676688561131521
1472644586359119879,2608133516,1478676688561131521
1472644586359119879,2608133516,1478676688561131521
1468583113731510277,2608133516,1478676688561131521
1468583113731510277,2608133516,1478676688561131521
1468583113731510277,2608133516,1478676688561131521
1468583113731510277,2608133516,1478676688561131521
1468583113731510277,2608133516,1478676688561131521
1467509344325537803,2608133516,1478676688561131521
1467509344325537803,2608133516,1478676688561131521
1467509344325537803,2608133516,1478676688561131521
1467509344325537803,2608133516,1478676688561131521
1467509344325537803,2608133516,1478676688561131521
1467509793099239424,2608133516,1478676688561131521
1467509793099239424,2608133516,1478676688561131521
1467509793099239424,2608133516,1478676688561131521
1467509793099239424,2608133516,1478676688561131521
1467509793099239424,2608133516,1478676688561131521
1467493703979778049,2608133516,1478676688561131521
1467493703979778049,2608133516,1478676688561131521
1467493703979778049,2608133516,1478676688561131521
1467493703979778049,2608133516,1478676688561131521
1467493703979778049,2608133516,1478676688561131521
1472209655699066885,2608133516,1478676688561131521
1472209655699066885,2608133516,1478676688561131521
1477417411859173387,2608133516,1478676688561131521
1472209655699066885,2608133516,1478676688561131521
1472209655699066885,2608133516,1478676688561131521
1472209655699066885,2608133516,1478676688561131521
1467818148158218244,2608133516,1478676688561131521
1467818148158218244,2608133516,1478676688561131521
1467818148158218244,2608133516,1478676688561131521
1467818148158218244,2608133516,1478676688561131521
1477417411859173387,2608133516,1478676688561131521
1467818148158218244,2608133516,1478676688561131521
1470894083560325129,2608133516,1478676688561131521
1470894083560325129,2608133516,1478676688561131521
1470894083560325129,2608133516,1478676688561131521
1470894083560325129,2608133516,1478676688561131521
1470894083560325129,2608133516,1478676688561131521
1477417411859173387,2608133516,1478676688561131521
1472720052625498123,2608133516,1478676688561131521
1472720052625498123,2608133516,1478676688561131521
1472720052625498123,2608133516,1478676688561131521
1472720052625498123,2608133516,1478676688561131521
1472720052625498123,2608133516,1478676688561131521
1473274905575800837,2608133516,1478676688561131521
1467668976838840322,2608133516,1478676688561131521
1467668976838840322,2608133516,1478676688561131521
1467668976838840322,2608133516,1478676688561131521
1467668976838840322,2608133516,1478676688561131521
1467604031887581186,2608133516,1478676688561131521
1467668976838840322,2608133516,1478676688561131521
1467604031887581186,2608133516,1478676688561131521
1467983972605083652,2608133516,1478676688561131521
1467604031887581186,2608133516,1478676688561131521
1467604031887581186,2608133516,1478676688561131521
1467983972605083652,2608133516,1478676688561131521
1467604031887581186,2608133516,1478676688561131521
1467983972605083652,2608133516,1478676688561131521
1467983972605083652,2608133516,1478676688561131521
1467983972605083652,2608133516,1478676688561131521
1467591931605700611,2608133516,1478676688561131521
1467591931605700611,2608133516,1478676688561131521
1467591931605700611,2608133516,1478676688561131521
1467591931605700611,2608133516,1478676688561131521
1467591931605700611,2608133516,1478676688561131521
1471123591274106882,2608133516,1478676688561131521
1471123591274106882,2608133516,1478676688561131521
1471123591274106882,2608133516,1478676688561131521
1471123591274106882,2608133516,1478676688561131521
1471123591274106882,2608133516,1478676688561131521
1472621579678928908,2608133516,1478676688561131521
1472621579678928908,2608133516,1478676688561131521
1472621579678928908,2608133516,1478676688561131521
1472621579678928908,2608133516,1478676688561131521
1472621579678928908,2608133516,1478676688561131521
1466416779283116044,2608133516,1478676688561131521
1466416779283116044,2608133516,1478676688561131521
1466416779283116044,2608133516,1478676688561131521
1466416779283116044,2608133516,1478676688561131521
1466416779283116044,2608133516,1478676688561131521
1467954714788700169,2608133516,1478676688561131521
1467954714788700169,2608133516,1478676688561131521
1467954714788700169,2608133516,1478676688561131521
1467954714788700169,2608133516,1478676688561131521
1467954714788700169,2608133516,1478676688561131521
3023245491,2608133516,1478676688561131521
1467622232935571457,2608133516,1478676688561131521
1467622232935571457,2608133516,1478676688561131521
1473322797959204873,2608133516,1478676688561131521
1467622232935571457,2608133516,1478676688561131521
1467622232935571457,2608133516,1478676688561131521
1467622232935571457,2608133516,1478676688561131521
1473322797959204873,2608133516,1478676688561131521
3023245491,2608133516,1478676688561131521
1473322797959204873,2608133516,1478676688561131521
1473322797959204873,2608133516,1478676688561131521
1473322797959204873,2608133516,1478676688561131521
3195371993,2608133516,1478676688561131521
3195371993,2608133516,1478676688561131521
1467848095933337603,2608133516,1478676688561131521
3195371993,2608133516,1478676688561131521
3195371993,2608133516,1478676688561131521
3195371993,2608133516,1478676688561131521
1467848095933337603,2608133516,1478676688561131521
1467848095933337603,2608133516,1478676688561131521
1467848095933337603,2608133516,1478676688561131521
1467848095933337603,2608133516,1478676688561131521
1467618717806772232,2608133516,1478676688561131521
1467618717806772232,2608133516,1478676688561131521
1471418750012383233,2608133516,1478676688561131521
1470099905414840328,2608133516,1478676688561131521
1470099905414840328,2608133516,1478676688561131521
1467618717806772232,2608133516,1478676688561131521
1471418750012383233,2608133516,1478676688561131521
1471418750012383233,2608133516,1478676688561131521
796418389,2608133516,1478676688561131521
1471418750012383233,2608133516,1478676688561131521
1471418750012383233,2608133516,1478676688561131521
1475187517746036745,2608133516,1478676688561131521
1475187517746036745,2608133516,1478676688561131521
1471418750012383233,2608133516,1478676688561131521
1475187517746036745,2608133516,1478676688561131521
1475187517746036745,2608133516,1478676688561131521
1475187517746036745,2608133516,1478676688561131521
1472816920726548481,2608133516,1478676688561131521
1472816920726548481,2608133516,1478676688561131521
1472816920726548481,2608133516,1478676688561131521
1472816920726548481,2608133516,1478676688561131521
1472816920726548481,2608133516,1478676688561131521
1467462448978579467,2608133516,1478676688561131521
1467462448978579467,2608133516,1478676688561131521
1467462448978579467,2608133516,1478676688561131521
1467462448978579467,2608133516,1478676688561131521
1467462448978579467,2608133516,1478676688561131521
1468294595029176330,2608133516,1478676688561131521
1468294595029176330,2608133516,1478676688561131521
1468294595029176330,2608133516,1478676688561131521
1468294595029176330,2608133516,1478676688561131521
1467391012460969987,2608133516,1478676688561131521
1467391012460969987,2608133516,1478676688561131521
1467391012460969987,2608133516,1478676688561131521
1472667803610136576,2608133516,1478676688561131521
1467391012460969987,2608133516,1478676688561131521
1472667803610136576,2608133516,1478676688561131521
1472667803610136576,2608133516,1478676688561131521
1472667803610136576,2608133516,1478676688561131521
1472667803610136576,2608133516,1478676688561131521
1467391012460969987,2608133516,1478676688561131521
1469621054167519232,2608133516,1478676688561131521
1469621054167519232,2608133516,1478676688561131521
1469621054167519232,2608133516,1478676688561131521
1469621054167519232,2608133516,1478676688561131521
1469621054167519232,2608133516,1478676688561131521
1467628354216120320,2608133516,1478676688561131521
1467628354216120320,2608133516,1478676688561131521
1471866141878403084,2608133516,1478676688561131521
1467628354216120320,2608133516,1478676688561131521
1467628354216120320,2608133516,1478676688561131521
1467628354216120320,2608133516,1478676688561131521
1467405217834668033,2608133516,1478676688561131521
1467405217834668033,2608133516,1478676688561131521
1467405217834668033,2608133516,1478676688561131521
1467405217834668033,2608133516,1478676688561131521
1467405217834668033,2608133516,1478676688561131521
1467389596627517440,2608133516,1478676688561131521
1467389596627517440,2608133516,1478676688561131521
1474078420254482446,2608133516,1478676688561131521
1468654309365714947,2608133516,1478676688561131521
1467389596627517440,2608133516,1478676688561131521
1474078420254482446,2608133516,1478676688561131521
1467389596627517440,2608133516,1478676688561131521
1467389596627517440,2608133516,1478676688561131521
1468654309365714947,2608133516,1478676688561131521
1474078420254482446,2608133516,1478676688561131521
1477249257891586054,2608133516,1478676688561131521
1468654309365714947,2608133516,1478676688561131521
1468654309365714947,2608133516,1478676688561131521
1468654309365714947,2608133516,1478676688561131521
1474078420254482446,2608133516,1478676688561131521
1474078420254482446,2608133516,1478676688561131521
1472883858714599426,2608133516,1478676688561131521
1467241510739619840,2608133516,1478676688561131521
1467241510739619840,2608133516,1478676688561131521
1420336764342919171,2608133516,1478676688561131521
1467241510739619840,2608133516,1478676688561131521
1420336764342919171,2608133516,1478676688561131521
1472883858714599426,2608133516,1478676688561131521
1467241510739619840,2608133516,1478676688561131521
1420336764342919171,2608133516,1478676688561131521
1467241510739619840,2608133516,1478676688561131521
1420336764342919171,2608133516,1478676688561131521
1420336764342919171,2608133516,1478676688561131521
1472883858714599426,2608133516,1478676688561131521
1472883858714599426,2608133516,1478676688561131521
1472883858714599426,2608133516,1478676688561131521
1471866141878403084,2608133516,1478676688561131521
1471866141878403084,2608133516,1478676688561131521
1467428273663664129,2608133516,1478676688561131521
1467428273663664129,2608133516,1478676688561131521
1467428273663664129,2608133516,1478676688561131521
1467428273663664129,2608133516,1478676688561131521
1471866141878403084,2608133516,1478676688561131521
1467428273663664129,2608133516,1478676688561131521
1471866141878403084,2608133516,1478676688561131521
1471866141878403084,2608133516,1478676688561131521
1421152671860408321,2608133516,1478676688561131521
1421152671860408321,2608133516,1478676688561131521
1421152671860408321,2608133516,1478676688561131521
1421152671860408321,2608133516,1478676688561131521
1421152671860408321,2608133516,1478676688561131521
1466721471791775745,2608133516,1478676688561131521
1466721471791775745,2608133516,1478676688561131521
1466721471791775745,2608133516,1478676688561131521
1470872543703752716,2608133516,1478676688561131521
1466721471791775745,2608133516,1478676688561131521
1466721471791775745,2608133516,1478676688561131521
1470872543703752716,2608133516,1478676688561131521
1470872543703752716,2608133516,1478676688561131521
1470872543703752716,2608133516,1478676688561131521
1470493902109134858,2608133516,1478676688561131521
1470493902109134858,2608133516,1478676688561131521
1470872543703752716,2608133516,1478676688561131521
1469996096877469696,2608133516,1478676688561131521
1470493902109134858,2608133516,1478676688561131521
1469996096877469696,2608133516,1478676688561131521
1469996096877469696,2608133516,1478676688561131521
1470493902109134858,2608133516,1478676688561131521
1469996096877469696,2608133516,1478676688561131521
1469996096877469696,2608133516,1478676688561131521
1470493902109134858,2608133516,1478676688561131521
2535536568,2608133516,1478676688561131521
1452920832087449608,2608133516,1478676688561131521
1452920832087449608,2608133516,1478676688561131521
1452920832087449608,2608133516,1478676688561131521
2535536568,2608133516,1478676688561131521
1471474216126066689,2608133516,1478676688561131521
1467094064449441794,2608133516,1478676688561131521
2535536568,2608133516,1478676688561131521
1452920832087449608,2608133516,1478676688561131521
1467094064449441794,2608133516,1478676688561131521
1471474216126066689,2608133516,1478676688561131521
1452920832087449608,2608133516,1478676688561131521
1467094064449441794,2608133516,1478676688561131521
1471474216126066689,2608133516,1478676688561131521
1467094064449441794,2608133516,1478676688561131521
1467094064449441794,2608133516,1478676688561131521
1471474216126066689,2608133516,1478676688561131521
1471474216126066689,2608133516,1478676688561131521
1468607213946437638,2608133516,1478676688561131521
1468607213946437638,2608133516,1478676688561131521
1468607213946437638,2608133516,1478676688561131521
1468607213946437638,2608133516,1478676688561131521
1468607213946437638,2608133516,1478676688561131521
1471149101077213188,2608133516,1478676688561131521
1472172175641690113,2608133516,1478676688561131521
1472172175641690113,2608133516,1478676688561131521
1472172175641690113,2608133516,1478676688561131521
1471804316868657152,2608133516,1478676688561131521
1471804316868657152,2608133516,1478676688561131521
1472172175641690113,2608133516,1478676688561131521
1469070277896196098,2608133516,1478676688561131521
1472172175641690113,2608133516,1478676688561131521
1469070277896196098,2608133516,1478676688561131521
1471804316868657152,2608133516,1478676688561131521
1471804316868657152,2608133516,1478676688561131521
108584277,1434532915417919488,1480578846898499586
1450062950010691590,1434532915417919488,1480578846898499586
1400039468455845890,1434532915417919488,1480578846898499586
893701969,1434532915417919488,1480578846898499586
1171061928288034816,1434532915417919488,1480578846898499586
437607577,1434532915417919488,1480578846898499586
1329745420935966720,1434532915417919488,1480578846898499586
1464624276208852998,1434532915417919488,1480578846898499586
1164935501612236800,1434532915417919488,1480578846898499586
1101534236086026242,1434532915417919488,1480578846898499586
1234449386,1434532915417919488,1480578846898499586
1378201201192398855,1434532915417919488,1480578846898499586
1409848172986445826,1434532915417919488,1480578846898499586
314014804,1434532915417919488,1480578846898499586
1219944530,1434532915417919488,1480578846898499586
1401508032194953216,1434532915417919488,1480578846898499586
1586600821,1434532915417919488,1480578846898499586
961691283860451328,1434532915417919488,1480578846898499586
1011874398150815744,1434532915417919488,1480578846898499586
1365763955923238916,1434532915417919488,1480578846898499586
1369726940379234310,1434532915417919488,1480578846898499586
42676496,1434532915417919488,1480578846898499586
147529819,1434532915417919488,1480578846898499586
1472988817607036935,1434532915417919488,1480578846898499586
1339116563950170118,1434532915417919488,1480578846898499586
1038918526810185730,1434532915417919488,1480578846898499586
2581045473,1434532915417919488,1480578846898499586
1430735143455580164,1434532915417919488,1480578846898499586
1340028865675206656,1434532915417919488,1480578846898499586
1479473866846134273,1434532915417919488,1480578846898499586
1437845142682144770,1434532915417919488,1480578846898499586
375761094,1434532915417919488,1480578846898499586
877535285277597696,1434532915417919488,1480578846898499586
2852272811,1434532915417919488,1480578846898499586
1446432167513542673,1434532915417919488,1480578846898499586
1434532915417919488,1434532915417919488,1480578846898499586
1434532915417919488,1434532915417919488,1480578846898499586
1434532915417919488,1434532915417919488,1480578846898499586
1434532915417919488,1434532915417919488,1480578846898499586
2345272376,57282569,1479036290226081793
1238955925362421763,436188255,1479036290226081793
1349484592491859973,57282569,1479036290226081793
1349484592491859973,57282569,1479036290226081793
1349484592491859973,57282569,1479036290226081793
975761831905169409,57282569,1479036290226081793
1238955925362421763,593903001,1479036290226081793
110179995,1330447615046062081,1479036290226081793
1330447615046062081,110179995,1479036290226081793
110179995,1330447615046062081,1479036290226081793
3298655780,57282569,1479036290226081793
449736439,57282569,1479036290226081793
2420331026,57282569,1479036290226081793
485164693,57282569,1479036290226081793
919996219,57282569,1479036290226081793
593903001,1238955925362421763,1479036290226081793
988392835,191588355,1479036290226081793
1400179207964086281,57282569,1479036290226081793
2260566889,57282569,1479036290226081793
494844364,57282569,1479036290226081793
1016280289239330818,57282569,1479036290226081793
420635476,57282569,1479036290226081793
1330447615046062081,57282569,1479036290226081793
1228441538147028994,1228441538147028994,1479036290226081793
1228441538147028994,162073177,1479036290226081793
1228441538147028994,1070911692,1479036290226081793
1228441538147028994,1337042700491743236,1479036290226081793
1228441538147028994,1228441538147028994,1479036290226081793
1228441538147028994,1263487144510869505,1479036290226081793
1228441538147028994,57282569,1479036290226081793
457399057,57282569,1479036290226081793
981903975984312320,57282569,1479036290226081793
981903975984312320,57282569,1479036290226081793
825454664804098048,57282569,1479036290226081793
1406245463137914880,57282569,1479036290226081793
1732672866,57282569,1479036290226081793
870522292635181061,57282569,1479036290226081793
1384970580173246466,57282569,1479036290226081793
1382237094920269825,57282569,1479036290226081793
954059279119593474,856463903458504704,1479036290226081793
1067461314010857472,57282569,1479036290226081793
808045718451748865,57282569,1479036290226081793
1254327853702930436,1262291116663201794,1479036290226081793
1004601183212916736,57282569,1479036290226081793
1439847446545371137,121833591,1479036290226081793
3297569614,57282569,1479036290226081793
910088884469592064,57282569,1479036290226081793
1691057257,57282569,1479036290226081793
1238955925362421763,593903001,1479036290226081793
794554454087532548,57282569,1479036290226081793
1417845132964007937,1296390431190679553,1479036290226081793
1417845132964007937,57282569,1479036290226081793
1179962942,1179962942,1479036290226081793
1179962942,1044352496624431105,1479036290226081793
39053923,57282569,1479036290226081793
872009898145533954,57282569,1479036290226081793
263686293,57282569,1479036290226081793
329830899,57282569,1479036290226081793
1262291116663201794,1254327853702930436,1479036290226081793
1262291116663201794,1254327853702930436,1479036290226081793
1262291116663201794,741379824,1479036290226081793
505745312,57282569,1479036290226081793
1262291116663201794,1209236022342668288,1479036290226081793
1262291116663201794,1421554075192152068,1479036290226081793
413410091,57282569,1479036290226081793
184831585,57282569,1479036290226081793
741379824,57282569,1479036290226081793
1044352496624431105,1179962942,1479036290226081793
1044352496624431105,1254327853702930436,1479036290226081793
162073177,57282569,1479036290226081793
1464542886209409027,57282569,1479036290226081793
912300218,57282569,1479036290226081793
915566532,57282569,1479036290226081793
1337042700491743236,57282569,1479036290226081793
104000574,57282569,1479036290226081793
1244555763470815241,595314283,1479036290226081793
1263487144510869505,57282569,1479036290226081793
1401636029573042179,57282569,1479036290226081793
706112693539880960,57282569,1479036290226081793
1001494357,57282569,1479036290226081793
423686160,57282569,1479036290226081793
1417408230624485389,57282569,1479036290226081793
1096129690996273154,57282569,1479036290226081793
2754433686,57282569,1479036290226081793
436188255,57282569,1479036290226081793
959924922519875584,57282569,1479036290226081793
1337778871471656962,57282569,1479036290226081793
121833591,57282569,1479036290226081793
1266505644456189960,856463903458504704,1479036290226081793
4877587901,57282569,1479036290226081793
634636448,57282569,1479036290226081793
595314283,57282569,1479036290226081793
1269627980466270209,57282569,1479036290226081793
1254327853702930436,1044352496624431105,1479036290226081793
980562312984780800,57282569,1479036290226081793
191588355,57282569,1479036290226081793
1246801249430917121,1304759273520537601,1479036290226081793
1246801249430917121,856463903458504704,1479036290226081793
856463903458504704,57282569,1479036290226081793
443815180,57282569,1479036290226081793
965165490653093890,57282569,1479036290226081793
1242220825,57282569,1479036290226081793
1350492667529080832,572817456,1479036290226081793
1070911692,57282569,1479036290226081793
98897455,57282569,1479036290226081793
971323446507589632,57282569,1479036290226081793
1448659292781907983,57282569,1479036290226081793
1456855479209107458,57282569,1479036290226081793
479380802,57282569,1479036290226081793
1255820018048270337,57282569,1479036290226081793
1440962253050810368,57282569,1479036290226081793
1296390431190679553,57282569,1479036290226081793
1238838550482821120,447896469,1479036290226081793
1329088533902942211,57282569,1479036290226081793
922977180,57282569,1479036290226081793
1238838550482821120,57282569,1479036290226081793
1401979774868799488,57282569,1479036290226081793
1421497346408472579,57282569,1479036290226081793
1423701932582084609,57282569,1479036290226081793
194000064,57282569,1479036290226081793
453126593,572817456,1479036290226081793
447896469,57282569,1479036290226081793
481910539,57282569,1479036290226081793
1229454173986598914,57282569,1479036290226081793
989651222,57282569,1479036290226081793
1209236022342668288,57282569,1479036290226081793
1421554075192152068,572817456,1479036290226081793
2648038336,57282569,1479036290226081793
572817456,57282569,1479036290226081793
987675382462730242,57282569,1479036290226081793
528722343,57282569,1479036290226081793
1179962942,1044352496624431105,1479036290226081793
1471213240197820417,57282569,1479036290226081793
1259473233683849216,57282569,1479036290226081793
1044352496624431105,1108767210,1479036290226081793
1108767210,1044352496624431105,1479036290226081793
1045290126,57282569,1479036290226081793
1044352496624431105,1254327853702930436,1479036290226081793
1308021337,57282569,1479036290226081793
1193823131934347265,57282569,1479036290226081793
186897972,57282569,1479036290226081793
1254327853702930436,1044352496624431105,1479036290226081793
1010911731919532032,57282569,1479036290226081793
1296065209510039552,57282569,1479036290226081793
1044352496624431105,278422359,1479036290226081793
1044352496624431105,1104826182934114305,1479036290226081793
1016280316699398144,57282569,1479036290226081793
1044352496624431105,1179962942,1479036290226081793
1044352496624431105,1370085944112582659,1479036290226081793
1044352496624431105,1108767210,1479036290226081793
1044352496624431105,1254327853702930436,1479036290226081793
1044352496624431105,57282569,1479036290226081793
1179962942,400383332,1479036290226081793
498889506,57282569,1479036290226081793
400383332,1179962942,1479036290226081793
1104826182934114305,57282569,1479036290226081793
1254327853702930436,57282569,1479036290226081793
1399775609463660545,57282569,1479036290226081793
278422359,57282569,1479036290226081793
1219185440399544320,57282569,1479036290226081793
1179962942,57282569,1479036290226081793
1645907658,57282569,1479036290226081793
590833841,57282569,1479036290226081793
590833841,57282569,1479036290226081793
454136105,57282569,1479036290226081793
1304759273520537601,57282569,1479036290226081793
1020002929238073344,57282569,1479036290226081793
1279571653249380352,57282569,1479036290226081793
1370085944112582659,57282569,1479036290226081793
1424314479605657604,57282569,1479036290226081793
1852186380,57282569,1479036290226081793
1276024356,57282569,1479036290226081793
439354768,57282569,1479036290226081793
593903001,57282569,1479036290226081793
1108767210,57282569,1479036290226081793
4340888903,57282569,1479036290226081793
568602718,57282569,1479036290226081793
337095643,57282569,1479036290226081793
390376440,57282569,1479036290226081793
